"","horizontalPosition","verticalPosition","t","mean_vswc","cal_uncert","meas_uncert","n","na","percent_complete"
"1","001","505",2020-05-05 03:00:00,0.19024,0.0222,1.12390297389791e-05,20,0,1
"2","001","505",2020-05-05 15:00:00,0.190238888888889,0.0222,1.18235637353749e-05,18,0,1
"3","001","505",2020-05-06 03:00:00,0.190470833333333,0.0222,1.64616007580333e-05,24,0,1
"4","001","505",2020-05-06 15:00:00,0.190455,0.0222,2.4575340657273e-05,20,0,1
"5","001","505",2020-05-07 03:00:00,0.190808333333333,0.0222,1.98879712632072e-05,24,0,1
"6","001","505",2020-05-07 15:00:00,0.19084,0.0222,2.22426806411727e-05,20,0,1
"7","001","505",2020-05-08 03:00:00,0.190983333333333,0.0222,4.32663919957348e-05,24,0,1
"8","001","505",2020-05-08 15:00:00,0.190520833333333,0.0222,9.30519503231238e-05,24,0,1
"9","001","505",2020-05-09 03:00:00,0.190025,0.0222,0.000135968080226866,24,0,1
"10","001","505",2020-05-09 15:00:00,0.191208333333333,0.0222,3.78560537837852e-05,12,0,1
"11","001","505",2020-05-10 03:00:00,0.190891666666667,0.0222,0.000181869983288216,24,0,1
"12","001","505",2020-05-10 15:00:00,0.189740909090909,0.0222,9.06109830859633e-05,22,0,1
"13","001","505",2020-05-11 03:00:00,0.190925,0.0222,6.92218655243164e-05,24,0,1
"14","001","505",2020-05-11 15:00:00,0.190969565217391,0.0222,7.06924482352801e-05,23,0,1
"15","001","505",2020-05-12 03:00:00,0.191083333333333,0.0222,0.000119428995742887,24,0,1
"16","001","505",2020-05-12 15:00:00,0.191782608695652,0.0222,2.78705178874367e-05,23,0,1
"17","001","505",2020-05-13 03:00:00,0.191130434782609,0.0222,0.00010933409338641,23,0,1
"18","001","505",2020-05-13 15:00:00,0.19165,0.0222,9.08295106229247e-05,16,0,1
"19","001","505",2020-05-14 03:00:00,0.191775,0.0222,0.000101661914833119,24,0,1
"20","001","505",2020-05-14 15:00:00,0.191570833333333,0.0222,0.000117102575911139,24,0,1
"21","001","505",2020-05-15 03:00:00,0.192088888888889,0.0222,0.000124430438053985,18,0,1
"22","001","505",2020-05-15 15:00:00,0.192411111111111,0.0222,7.15783262595839e-05,9,0,1
"23","001","505",2020-05-16 03:00:00,0.192244444444444,0.0222,0.000102332989148754,18,0,1
"24","001","505",2020-05-16 15:00:00,0.19298,0.0222,2.22539456105676e-05,15,0,1
"25","001","505",2020-05-17 03:00:00,0.193166666666667,0.0222,3.33333333333389e-05,3,0,1
"26","001","505",2020-05-17 15:00:00,0.193157142857143,0.0222,2.02030508910476e-05,7,0,1
"27","001","505",2020-05-18 03:00:00,0.1931,0.0222,9.42809041582061e-05,18,0,1
"28","001","505",2020-05-18 15:00:00,0.193144444444444,0.0222,0.000115532928905932,18,0,1
"29","001","505",2020-05-19 03:00:00,0.192957894736842,0.0222,0.000118547690572114,19,0,1
"30","001","505",2020-05-19 15:00:00,0.192935714285714,0.0222,0.000173714159196021,14,0,1
"31","001","505",2020-05-20 03:00:00,0.192784615384615,0.0222,0.000142705611377891,13,0,1
"32","001","505",2020-05-20 15:00:00,0.19358,0.0222,1.99999999999978e-05,5,0,1
"33","001","505",2020-05-21 03:00:00,0.193625,0.0222,1.79435140641334e-05,12,0,1
"34","001","505",2020-05-21 15:00:00,0.193575,0.0222,1.63663417676976e-05,8,0,1
"35","001","505",2020-05-22 03:00:00,0.193518181818182,0.0222,1.81818181818178e-05,11,0,1
"36","001","505",2020-05-22 15:00:00,0.193518181818182,0.0222,1.41671585904359e-05,22,0,1
"37","001","505",2020-05-23 03:00:00,0.193391304347826,0.0222,3.3805443979025e-05,23,0,1
"38","001","505",2020-05-23 15:00:00,0.193144444444444,0.0222,1.84748941504618e-05,18,0,1
"39","001","505",2020-05-24 03:00:00,0.193228571428571,0.0222,2.85714285714282e-05,14,0,1
"40","001","505",2020-05-24 15:00:00,0.1931,0.0222,0.00383375197895261,2,0,1
"41","001","505",2020-05-25 03:00:00,0.1931,0.0222,0.00383375197895261,2,0,1
"42","001","505",2020-05-25 15:00:00,0.192866666666667,0.0222,2.70214494459256e-05,15,0,1
"43","001","505",2020-05-26 03:00:00,0.1926625,0.0222,1.82981263677881e-05,8,0,1
"44","001","505",2020-05-26 15:00:00,0.192493333333333,0.0222,1.5327120894697e-05,15,0,1
"45","001","505",2020-05-27 03:00:00,0.1926,0.0222,2.0965696734439e-05,14,0,1
"46","001","505",2020-05-27 15:00:00,0.192568181818182,0.0222,2.12043894381412e-05,22,0,1
"47","001","505",2020-05-28 03:00:00,0.192639130434783,0.0222,1.21569616594715e-05,23,0,1
"48","001","505",2020-05-28 15:00:00,0.192535294117647,0.0222,1.19471153009339e-05,17,0,1
"49","001","505",2020-05-29 03:00:00,0.192523076923077,0.0222,5.32938710021205e-05,13,0,1
"50","001","505",2020-05-29 15:00:00,0.19284,0.0222,5.09901951359266e-05,5,0,1
"51","001","505",2020-05-30 03:00:00,0.193077777777778,0.0222,2.77777777777781e-05,9,0,1
"52","001","505",2020-05-30 15:00:00,0.19335,0.0222,2.51369873268076e-05,14,0,1
"53","001","505",2020-05-31 03:00:00,0.19355,0.0222,4.99999999999945e-05,2,0,1
"54","001","505",2020-05-31 15:00:00,0.1938,0.0222,4.47213595499909e-05,6,0,1
"55","001","505",2020-06-01 03:00:00,0.194033333333333,0.0222,3.33333333333297e-05,3,0,1
"56","001","505",2020-06-01 15:00:00,0.1943,0.0222,0.00383375197895261,2,0,1
"57","001","505",2020-06-02 03:00:00,0.194725,0.0222,2.49999999999972e-05,4,0,1
"58","001","505",2020-06-02 15:00:00,0.19476,0.0222,2.44948974278291e-05,5,0,1
"59","001","505",2020-06-03 03:00:00,0.19525,0.0222,2.88675134594781e-05,4,0,1
"60","001","505",2020-06-03 15:00:00,0.195533333333333,0.0222,6.66666666666686e-05,3,0,1
"61","001","505",2020-06-04 03:00:00,0.196,0.0222,0.00383375197895261,1,0,1
"62","001","505",2020-06-04 15:00:00,0.196033333333333,0.0222,3.33333333333297e-05,3,0,1
"63","001","505",2020-06-05 03:00:00,0.1963125,0.0222,2.26581741793716e-05,8,0,1
"64","001","505",2020-06-05 15:00:00,0.1966,0.0222,0.00383375197895261,1,0,1
"65","001","505",2020-06-06 03:00:00,0.196925,0.0222,7.49999999999987e-05,4,0,1
"66","001","505",2020-06-07 03:00:00,0.197072727272727,0.0222,4.06557814090872e-05,11,0,1
"67","001","505",2020-06-07 15:00:00,0.197172727272727,0.0222,1.76323912159442e-05,22,0,1
"68","001","505",2020-06-08 03:00:00,0.197025,0.0222,2.78660214511354e-05,12,0,1
"69","001","505",2020-06-08 15:00:00,0.196841666666667,0.0222,1.9887971263207e-05,24,0,1
"70","001","505",2020-06-09 03:00:00,0.196354166666667,0.0222,2.55229128848096e-05,24,0,1
"71","001","505",2020-06-09 15:00:00,0.196664705882353,0.0222,4.45080763247695e-05,17,0,1
"72","001","505",2020-06-10 03:00:00,0.196440909090909,0.0222,2.84209931777089e-05,22,0,1
"73","001","505",2020-06-10 15:00:00,0.196086363636364,0.0222,6.252114951092e-05,22,0,1
"74","001","505",2020-06-11 03:00:00,0.1953375,0.0222,2.39356776939082e-05,24,0,1
"75","001","505",2020-06-11 15:00:00,0.195725,0.0222,2.35060892511713e-05,24,0,1
"76","001","505",2020-06-12 03:00:00,0.195766666666667,0.0222,2.98951468764292e-05,24,0,1
"77","001","505",2020-06-12 15:00:00,0.1956,0.0222,4.42325868464695e-05,24,0,1
"78","001","505",2020-06-13 03:00:00,0.195525,0.0222,5.45900399685524e-05,24,0,1
"79","001","505",2020-06-13 15:00:00,0.195516666666667,0.0222,2.38250466996723e-05,24,0,1
"80","001","505",2020-06-14 03:00:00,0.195616666666667,0.0222,4.89794844704395e-05,12,0,1
"81","001","505",2020-06-14 15:00:00,0.195752173913043,0.0222,2.94008450964759e-05,23,0,1
"82","001","505",2020-06-15 03:00:00,0.19575652173913,0.0222,3.81520190756176e-05,23,0,1
"83","001","505",2020-06-15 15:00:00,0.195878260869565,0.0222,2.17391304347825e-05,23,0,1
"84","001","505",2020-06-16 03:00:00,0.195995454545455,0.0222,1.79914274046032e-05,22,0,1
"85","001","505",2020-06-16 15:00:00,0.195714285714286,0.0222,3.40068020406793e-05,21,0,1
"86","001","505",2020-06-17 03:00:00,0.195841176470588,0.0222,2.85157638671538e-05,17,0,1
"87","001","505",2020-06-17 15:00:00,0.195691666666667,0.0222,1.46414473559258e-05,24,0,1
"88","001","505",2020-06-18 03:00:00,0.195704347826087,0.0222,1.17252149993609e-05,23,0,1
"89","001","505",2020-06-18 15:00:00,0.196005555555556,0.0222,3.8324570372842e-05,18,0,1
"90","001","505",2020-06-19 03:00:00,0.196094736842105,0.0222,6.09254573831067e-05,19,0,1
"91","001","505",2020-06-19 15:00:00,0.1962,0.0222,4.25628265379375e-05,24,0,1
"92","001","505",2020-06-20 03:00:00,0.196309090909091,0.0222,3.14918328648888e-05,22,0,1
"93","001","505",2020-06-20 15:00:00,0.196260869565217,0.0222,2.57220860134752e-05,23,0,1
"94","001","505",2020-06-21 03:00:00,0.1964875,0.0222,2.01556443707467e-05,16,0,1
"95","001","505",2020-06-21 15:00:00,0.196447619047619,0.0222,1.31276654781826e-05,21,0,1
"96","001","505",2020-06-22 03:00:00,0.196627272727273,0.0222,2.72727272727297e-05,11,0,1
"97","001","505",2020-06-22 15:00:00,0.19634,0.0222,3.05505046330383e-05,15,0,1
"98","001","505",2020-06-23 03:00:00,0.19634,0.0222,1.63299316185527e-05,10,0,1
"99","001","505",2020-06-23 15:00:00,0.196814285714286,0.0222,3.40068020406796e-05,21,0,1
"100","001","505",2020-06-24 03:00:00,0.196978260869565,0.0222,1.88152256686359e-05,23,0,1
"101","001","505",2020-06-24 15:00:00,0.19703125,0.0222,1.76038584785636e-05,16,0,1
"102","001","505",2020-06-25 03:00:00,0.197325,0.0222,2.50000000000004e-05,12,0,1
"103","001","505",2020-06-25 15:00:00,0.197663636363636,0.0222,2.0327890704543e-05,11,0,1
"104","001","505",2020-06-26 03:00:00,0.197815,0.0222,2.32548806422281e-05,20,0,1
"105","001","505",2020-06-26 15:00:00,0.198015789473684,0.0222,2.67795395131122e-05,19,0,1
"106","001","505",2020-06-27 03:00:00,0.198426086956522,0.0222,2.00960060377649e-05,23,0,1
"107","001","505",2020-06-27 15:00:00,0.19845,0.0222,4.20008245641592e-05,22,0,1
"108","001","505",2020-06-28 03:00:00,0.198791304347826,0.0222,2.87506958006618e-05,23,0,1
"109","001","505",2020-06-28 15:00:00,0.198922222222222,0.0222,6.2911679742918e-05,18,0,1
"110","001","505",2020-06-29 03:00:00,0.199054166666667,0.0222,3.00839204647823e-05,24,0,1
"111","001","505",2020-06-29 15:00:00,0.199213636363636,0.0222,4.93663110258946e-05,22,0,1
"112","001","505",2020-06-30 03:00:00,0.199245833333333,0.0222,3.85324851970249e-05,24,0,1
"113","001","505",2020-06-30 15:00:00,0.199279166666667,0.0222,4.33970406836293e-05,24,0,1
"114","001","505",2020-07-01 03:00:00,0.199579166666667,0.0222,4.9628754618912e-05,24,0,1
"115","001","505",2020-07-01 15:00:00,0.198933333333333,0.0222,3.69423104247275e-05,24,0,1
"116","001","505",2020-07-02 03:00:00,0.198530434782609,0.0222,2.91071229948839e-05,23,0,1
"117","001","505",2020-07-02 15:00:00,0.198504166666667,0.0222,4.7196462141217e-05,24,0,1
"118","001","505",2020-07-03 03:00:00,0.198358333333333,0.0222,3.00462606288678e-05,24,0,1
"119","001","505",2020-07-03 15:00:00,0.1984875,0.0222,7.3551840142894e-05,24,0,1
"120","001","505",2020-07-04 03:00:00,0.198791666666667,0.0222,4.4198443586386e-05,24,0,1
"121","001","505",2020-07-04 15:00:00,0.198492857142857,0.0222,4.85665802363679e-05,14,0,1
"122","001","505",2020-07-05 03:00:00,0.198558823529412,0.0222,6.75510828109166e-05,17,0,1
"123","001","505",2020-07-05 15:00:00,0.198715,0.0222,3.10135793687719e-05,20,0,1
"124","001","505",2020-07-06 03:00:00,0.198745454545455,0.0222,1.70652842808899e-05,22,0,1
"125","001","505",2020-07-06 15:00:00,0.198611111111111,0.0222,2.60578653323495e-05,9,0,1
"126","001","505",2020-07-07 03:00:00,0.199040909090909,0.0222,4.29734091290001e-05,22,0,1
"127","001","505",2020-07-07 15:00:00,0.199245454545455,0.0222,1.08657146303145e-05,22,0,1
"128","001","505",2020-07-08 03:00:00,0.1993,0.0222,2.53184841770931e-05,13,0,1
"129","001","505",2020-07-08 15:00:00,0.199375,0.0222,4.1187723552396e-05,8,0,1
"130","001","505",2020-07-09 03:00:00,0.199470588235294,0.0222,1.42578819335789e-05,17,0,1
"131","001","505",2020-07-09 15:00:00,0.199525,0.0222,2.49999999999972e-05,4,0,1
"132","001","505",2020-07-10 03:00:00,0.19953,0.0222,2.1343747458109e-05,10,0,1
"133","001","505",2020-07-10 15:00:00,0.1996,0.0222,0.00383375197895261,2,0,1
"134","001","505",2020-07-11 03:00:00,0.1999125,0.0222,2.26581741793755e-05,8,0,1
"135","001","505",2020-07-11 15:00:00,0.1999,0.0222,0.00383375197895261,2,0,1
"136","001","505",2020-07-12 03:00:00,0.20023,0.0222,1.5275252316522e-05,10,0,1
"137","001","505",2020-07-12 15:00:00,0.2003,0.0222,0.00383375197895261,8,0,1
"138","001","505",2020-07-13 03:00:00,0.2005,0.0222,0.00383375197895261,2,0,1
"139","001","505",2020-07-13 15:00:00,0.2007,0.0222,1.60128153805092e-05,13,0,1
"140","001","505",2020-07-14 03:00:00,0.200675,0.0222,2.49999999999972e-05,4,0,1
"141","001","505",2020-07-14 15:00:00,0.2007,0.0222,5.77350269189642e-05,3,0,1
"142","001","505",2020-07-15 03:00:00,0.200915384615385,0.0222,5.41201818441169e-05,13,0,1
"143","001","505",2020-07-15 15:00:00,0.201059090909091,0.0222,2.04485320646e-05,22,0,1
"144","001","505",2020-07-16 03:00:00,0.200991666666667,0.0222,4.58086231149857e-05,24,0,1
"145","001","505",2020-07-16 15:00:00,0.201125,0.0222,2.17597069944598e-05,12,0,1
"146","001","505",2020-07-17 03:00:00,0.201333333333333,0.0222,4.21637021355796e-05,6,0,1
"147","001","505",2020-07-17 15:00:00,0.20135,0.0222,0.000150000000000011,2,0,1
"148","001","505",2020-07-18 03:00:00,0.2017,0.0222,3.77964473009221e-05,7,0,1
"149","001","505",2020-07-18 15:00:00,0.2017375,0.0222,2.63052140404594e-05,8,0,1
"150","001","505",2020-07-19 03:00:00,0.201725,0.0222,7.49999999999995e-05,4,0,1
"151","001","505",2020-07-19 15:00:00,0.204106666666667,0.0222,0.000343298657518449,15,0,1
"152","001","505",2020-07-20 03:00:00,0.203720833333333,0.0222,7.17228882945601e-05,24,0,1
"153","001","505",2020-07-20 15:00:00,0.2033625,0.0222,6.13296214220183e-05,24,0,1
"154","001","505",2020-07-21 03:00:00,0.203004166666667,0.0222,2.85387904506561e-05,24,0,1
"155","001","505",2020-07-21 15:00:00,0.20295,0.0222,5.07194614336149e-05,24,0,1
"156","001","505",2020-07-22 03:00:00,0.203129166666667,0.0222,4.56352769512295e-05,24,0,1
"157","001","505",2020-07-22 15:00:00,0.202754166666667,0.0222,7.66081613568254e-05,24,0,1
"158","001","505",2020-07-23 03:00:00,0.202954166666667,0.0222,3.89997987112357e-05,24,0,1
"159","001","505",2020-07-23 15:00:00,0.202670833333333,0.0222,6.66156960947157e-05,24,0,1
"160","001","505",2020-07-24 03:00:00,0.2022625,0.0222,1.68244344393183e-05,24,0,1
"161","001","505",2020-07-24 15:00:00,0.202282608695652,0.0222,2.40652718417213e-05,23,0,1
"162","001","505",2020-07-25 03:00:00,0.202158333333333,0.0222,2.47572758055885e-05,24,0,1
"163","001","505",2020-07-25 15:00:00,0.202017391304348,0.0222,4.89624256649704e-05,23,0,1
"164","001","505",2020-07-26 03:00:00,0.203245833333333,0.0222,0.000143957920415104,24,0,1
"165","001","505",2020-07-26 15:00:00,0.202652173913043,0.0222,7.94918558528636e-05,23,0,1
"166","001","505",2020-07-27 03:00:00,0.202804166666667,0.0222,9.99056015799565e-05,24,0,1
"167","001","505",2020-07-27 15:00:00,0.202365217391304,0.0222,0.000129701496093988,23,0,1
"168","001","505",2020-07-28 03:00:00,0.202091666666667,0.0222,7.93809076693856e-05,24,0,1
"169","001","505",2020-07-28 15:00:00,0.202466666666667,0.0222,5.20126331736994e-05,24,0,1
"170","001","505",2020-07-29 03:00:00,0.202295833333333,0.0222,4.64224328372757e-05,24,0,1
"171","001","505",2020-07-29 15:00:00,0.201986956521739,0.0222,4.5468291442749e-05,23,0,1
"172","001","505",2020-07-30 03:00:00,0.20195,0.0222,2.82329851286644e-05,24,0,1
"173","001","505",2020-07-30 15:00:00,0.202078260869565,0.0222,4.66068078197115e-05,23,0,1
"174","001","505",2020-07-31 03:00:00,0.2024375,0.0222,5.67260451900056e-05,24,0,1
"175","001","505",2020-07-31 15:00:00,0.202468421052632,0.0222,6.44602563890308e-05,19,0,1
"176","002","502",2020-05-05 03:00:00,0.276430434782609,0.0222,0.00112963030054677,23,0,1
"177","002","502",2020-05-05 15:00:00,0.277915,0.0222,0.00167083771929249,20,0,1
"178","002","502",2020-05-06 03:00:00,0.277725,0.0222,0.00115060338861605,20,0,1
"179","002","502",2020-05-06 15:00:00,0.275133333333333,0.0222,0.00153733010065628,12,0,1
"180","002","502",2020-05-07 03:00:00,0.27363,0.0222,0.00118179390847358,20,0,1
"181","002","502",2020-05-07 15:00:00,0.269270588235294,0.0222,0.00130822524329613,17,0,1
"182","002","502",2020-05-08 03:00:00,0.265936363636364,0.0222,0.0011638967511695,22,0,1
"183","002","502",2020-05-08 15:00:00,0.265390909090909,0.0222,0.00156632457936347,22,0,1
"184","002","502",2020-05-09 03:00:00,0.265195833333333,0.0222,0.0011159820392084,24,0,1
"185","002","502",2020-05-09 15:00:00,0.26575,0.0222,0.00166950948028512,22,0,1
"186","002","502",2020-05-10 03:00:00,0.2647375,0.0222,0.00118810244062551,24,0,1
"187","002","502",2020-05-10 15:00:00,0.263089473684211,0.0222,0.00127357062951111,19,0,1
"188","002","502",2020-05-11 03:00:00,0.266291666666667,0.0222,0.000637996192319468,12,0,1
"189","002","502",2020-05-11 15:00:00,0.263895,0.0222,0.000940589820552146,20,0,1
"190","002","502",2020-05-12 03:00:00,0.261394444444444,0.0222,0.00111115767876272,18,0,1
"191","002","502",2020-05-12 15:00:00,0.259590476190476,0.0222,0.000983988597541,21,0,1
"192","002","502",2020-05-13 03:00:00,0.259581818181818,0.0222,0.00117425552289859,11,0,1
"193","002","502",2020-05-13 15:00:00,0.254883333333333,0.0222,0.00076325643559254,24,0,1
"194","002","502",2020-05-14 03:00:00,0.252175,0.0222,0.000870932575303414,24,0,1
"195","002","502",2020-05-14 15:00:00,0.251252173913043,0.0222,0.000908912166652221,23,0,1
"196","002","502",2020-05-15 03:00:00,0.250278571428571,0.0222,0.00091760429663986,14,0,1
"197","002","502",2020-05-15 15:00:00,0.248073684210526,0.0222,0.000726879178054424,19,0,1
"198","002","502",2020-05-16 03:00:00,0.246884210526316,0.0222,0.000904674771385909,19,0,1
"199","002","502",2020-05-16 15:00:00,0.24675,0.0222,0.000986429662095007,24,0,1
"200","002","502",2020-05-17 03:00:00,0.246279166666667,0.0222,0.000873066791248342,24,0,1
"201","002","502",2020-05-17 15:00:00,0.243895238095238,0.0222,0.000834935874083872,21,0,1
"202","002","502",2020-05-18 03:00:00,0.245881818181818,0.0222,0.000508824141608695,22,0,1
"203","002","502",2020-05-18 15:00:00,0.2444625,0.0222,0.0005050761350271,24,0,1
"204","002","502",2020-05-19 03:00:00,0.2433,0.0222,0.000735397527742325,21,0,1
"205","002","502",2020-05-19 15:00:00,0.241428571428571,0.0222,0.000498671705020202,21,0,1
"206","002","502",2020-05-20 03:00:00,0.2361875,0.0222,0.000972405736648374,16,0,1
"207","002","502",2020-05-20 15:00:00,0.2332,0.0222,0.000723779116271205,18,0,1
"208","002","502",2020-05-21 03:00:00,0.230809090909091,0.0222,0.000763300792069256,11,0,1
"209","002","502",2020-05-21 15:00:00,0.235713636363636,0.0222,0.00135914882095847,22,0,1
"210","002","502",2020-05-22 03:00:00,0.236495833333333,0.0222,0.000932008878453907,24,0,1
"211","002","502",2020-05-22 15:00:00,0.23251,0.0222,0.000619375746852808,20,0,1
"212","002","502",2020-05-23 03:00:00,0.228088235294118,0.0222,0.000913818843585934,17,0,1
"213","002","502",2020-05-23 15:00:00,0.22705,0.0222,0.00075998903500862,16,0,1
"214","002","502",2020-05-24 03:00:00,0.222223529411765,0.0222,0.000963469886116471,17,0,1
"215","002","502",2020-05-24 15:00:00,0.223259090909091,0.0222,0.00121530034929658,22,0,1
"216","002","502",2020-05-25 03:00:00,0.223770833333333,0.0222,0.000908743342512278,24,0,1
"217","002","502",2020-05-25 15:00:00,0.228657142857143,0.0222,0.00215930512884488,21,0,1
"218","002","502",2020-05-26 03:00:00,0.234391304347826,0.0222,0.00107633386395614,23,0,1
"219","002","502",2020-05-26 15:00:00,0.234636363636364,0.0222,0.00179272876548676,22,0,1
"220","002","502",2020-05-27 03:00:00,0.240478260869565,0.0222,0.000918990607153915,23,0,1
"221","002","502",2020-05-27 15:00:00,0.242304166666667,0.0222,0.00131604478755483,24,0,1
"222","002","502",2020-05-28 03:00:00,0.243773333333333,0.0222,0.00125911785698471,15,0,1
"223","002","502",2020-05-28 15:00:00,0.246838095238095,0.0222,0.00169967050294876,21,0,1
"224","002","502",2020-05-29 03:00:00,0.248804545454545,0.0222,0.00105687764576923,22,0,1
"225","002","502",2020-05-29 15:00:00,0.246865217391304,0.0222,0.000978375048233557,23,0,1
"226","002","502",2020-05-30 03:00:00,0.248463157894737,0.0222,0.000895773393386502,19,0,1
"227","002","502",2020-05-30 15:00:00,0.246464705882353,0.0222,0.000966229070105508,17,0,1
"228","002","502",2020-05-31 03:00:00,0.246016666666667,0.0222,0.00128877633608181,6,0,1
"229","002","502",2020-05-31 15:00:00,0.246764285714286,0.0222,0.0010916570297688,14,0,1
"230","002","502",2020-06-01 03:00:00,0.246435714285714,0.0222,0.000983691586106999,14,0,1
"231","002","502",2020-06-01 15:00:00,0.245325,0.0222,0.00100425083362779,20,0,1
"232","002","502",2020-06-02 03:00:00,0.244591666666667,0.0222,0.000877948792427899,24,0,1
"233","002","502",2020-06-02 15:00:00,0.243328571428571,0.0222,0.00121522372733707,21,0,1
"234","002","502",2020-06-03 03:00:00,0.24255652173913,0.0222,0.00100861557539584,23,0,1
"235","002","502",2020-06-03 15:00:00,0.241554545454545,0.0222,0.00135505670354234,22,0,1
"236","002","502",2020-06-04 03:00:00,0.242720833333333,0.0222,0.00103622746591234,24,0,1
"237","002","502",2020-06-04 15:00:00,0.239694736842105,0.0222,0.00101593944897761,19,0,1
"238","002","502",2020-06-05 03:00:00,0.237091666666667,0.0222,0.000994494203003096,24,0,1
"239","002","502",2020-06-05 15:00:00,0.2353,0.0222,0.00106663690434669,21,0,1
"240","002","502",2020-06-06 03:00:00,0.236821052631579,0.0222,0.000661187083581666,19,0,1
"241","002","502",2020-06-06 15:00:00,0.229,0.0222,0.00383375197895261,1,0,1
"242","002","502",2020-06-07 03:00:00,0.221010526315789,0.0222,0.00105220166659426,19,0,1
"243","002","502",2020-06-07 15:00:00,0.213755555555556,0.0222,0.000131413189174581,18,0,1
"244","002","502",2020-06-08 03:00:00,0.207436842105263,0.0222,0.000746226786401838,19,0,1
"245","002","502",2020-06-08 15:00:00,0.206161111111111,0.0222,0.000657144689596312,18,0,1
"246","002","502",2020-06-09 03:00:00,0.204377272727273,0.0222,0.000773420239318805,22,0,1
"247","002","502",2020-06-09 15:00:00,0.212677272727273,0.0222,0.00227355331308807,22,0,1
"248","002","502",2020-06-10 03:00:00,0.217634782608696,0.0222,0.00108353849939448,23,0,1
"249","002","502",2020-06-10 15:00:00,0.219571428571429,0.0222,0.00179810936233355,21,0,1
"250","002","502",2020-06-11 03:00:00,0.223091304347826,0.0222,0.00100700928954424,23,0,1
"251","002","502",2020-06-11 15:00:00,0.227626086956522,0.0222,0.00200272756096549,23,0,1
"252","002","502",2020-06-12 03:00:00,0.231391666666667,0.0222,0.00113312951065741,24,0,1
"253","002","502",2020-06-12 15:00:00,0.232026086956522,0.0222,0.00147448949283419,23,0,1
"254","002","502",2020-06-13 03:00:00,0.23569375,0.0222,0.00102479545723362,16,0,1
"255","002","502",2020-06-13 15:00:00,0.22951,0.0222,0.000473157244241044,10,0,1
"256","002","502",2020-06-14 03:00:00,0.226278947368421,0.0222,0.000795034993064445,19,0,1
"257","002","502",2020-06-14 15:00:00,0.228647619047619,0.0222,0.00159391131747719,21,0,1
"258","002","502",2020-06-15 03:00:00,0.231786956521739,0.0222,0.000997175940165676,23,0,1
"259","002","502",2020-06-15 15:00:00,0.232063157894737,0.0222,0.00138882782260336,19,0,1
"260","002","502",2020-06-16 03:00:00,0.234675,0.0222,0.00100507236284034,12,0,1
"261","002","502",2020-06-16 15:00:00,0.234554166666667,0.0222,0.0010424674458245,24,0,1
"262","002","502",2020-06-17 03:00:00,0.233165217391304,0.0222,0.00098750311343187,23,0,1
"263","002","502",2020-06-17 15:00:00,0.22968,0.0222,0.00109922916714612,15,0,1
"264","002","502",2020-06-18 03:00:00,0.228608695652174,0.0222,0.00104006523517427,23,0,1
"265","002","502",2020-06-18 15:00:00,0.2269125,0.0222,0.00134690617713336,16,0,1
"266","002","502",2020-06-19 03:00:00,0.226804347826087,0.0222,0.00103323197332753,23,0,1
"267","002","502",2020-06-19 15:00:00,0.22701,0.0222,0.00160290689882968,20,0,1
"268","002","502",2020-06-20 03:00:00,0.228904545454545,0.0222,0.0010321347036305,22,0,1
"269","002","502",2020-06-20 15:00:00,0.2278,0.0222,0.00134188738898087,17,0,1
"270","002","502",2020-06-21 03:00:00,0.22895,0.0222,0.000858035832699357,18,0,1
"271","002","502",2020-06-21 15:00:00,0.230663636363636,0.0222,0.00151291046384951,22,0,1
"272","002","502",2020-06-22 03:00:00,0.233852173913043,0.0222,0.000904553032358255,23,0,1
"273","002","502",2020-06-22 15:00:00,0.234040909090909,0.0222,0.00146057361516657,22,0,1
"274","002","502",2020-06-23 03:00:00,0.2333625,0.0222,0.00121930148243675,24,0,1
"275","002","502",2020-06-23 15:00:00,0.232794736842105,0.0222,0.00165004826589358,19,0,1
"276","002","502",2020-06-24 03:00:00,0.2323625,0.0222,0.00123146861334432,24,0,1
"277","002","502",2020-06-24 15:00:00,0.22982380952381,0.0222,0.00142141620797048,21,0,1
"278","002","502",2020-06-25 03:00:00,0.231560869565217,0.0222,0.000959531735483816,23,0,1
"279","002","502",2020-06-25 15:00:00,0.228883333333333,0.0222,0.00106890848975818,18,0,1
"280","002","502",2020-06-26 03:00:00,0.2269,0.0222,0.000978423350582163,23,0,1
"281","002","502",2020-06-26 15:00:00,0.225719047619048,0.0222,0.00122115517222363,21,0,1
"282","002","502",2020-06-27 03:00:00,0.224525,0.0222,0.00109377769116085,24,0,1
"283","002","502",2020-06-27 15:00:00,0.22201,0.0222,0.00128946949515968,20,0,1
"284","002","502",2020-06-28 03:00:00,0.224391304347826,0.0222,0.000804653290998401,23,0,1
"285","002","502",2020-06-28 15:00:00,0.218284615384615,0.0222,0.000275226283089667,13,0,1
"286","002","502",2020-06-29 03:00:00,0.209986956521739,0.0222,0.000826376067569975,23,0,1
"287","002","502",2020-06-29 15:00:00,0.20427619047619,0.0222,0.000503175854988178,21,0,1
"288","002","502",2020-06-30 03:00:00,0.202465217391304,0.0222,0.000779089584615157,23,0,1
"289","002","502",2020-06-30 15:00:00,0.2009,0.0222,0.00076533064367765,19,0,1
"290","002","502",2020-07-01 03:00:00,0.20105,0.0222,0.000777713097702271,22,0,1
"291","002","502",2020-07-01 15:00:00,0.203266666666667,0.0222,0.00156208550057643,21,0,1
"292","002","502",2020-07-02 03:00:00,0.207931818181818,0.0222,0.00072073154165457,22,0,1
"293","002","502",2020-07-02 15:00:00,0.20816,0.0222,0.00128849973959926,20,0,1
"294","002","502",2020-07-03 03:00:00,0.211217391304348,0.0222,0.000805358834758666,23,0,1
"295","002","502",2020-07-03 15:00:00,0.210827272727273,0.0222,0.00132210938990778,22,0,1
"296","002","502",2020-07-04 03:00:00,0.21404347826087,0.0222,0.000867571825846272,23,0,1
"297","002","502",2020-07-04 15:00:00,0.213770833333333,0.0222,0.0012448223080032,24,0,1
"298","002","502",2020-07-05 03:00:00,0.2144,0.0222,0.00100014491703576,24,0,1
"299","002","502",2020-07-05 15:00:00,0.214163636363636,0.0222,0.00142069651618699,22,0,1
"300","002","502",2020-07-06 03:00:00,0.214495833333333,0.0222,0.00110832618228052,24,0,1
"301","002","502",2020-07-06 15:00:00,0.212368181818182,0.0222,0.001270926756716,22,0,1
"302","002","502",2020-07-07 03:00:00,0.213370833333333,0.0222,0.000874051849991424,24,0,1
"303","002","502",2020-07-07 15:00:00,0.212304347826087,0.0222,0.00113310720899213,23,0,1
"304","002","502",2020-07-08 03:00:00,0.2093625,0.0222,0.00105848559614497,24,0,1
"305","002","502",2020-07-08 15:00:00,0.207266666666667,0.0222,0.00128691830749225,21,0,1
"306","002","502",2020-07-09 03:00:00,0.2067,0.0222,0.00108394074387481,24,0,1
"307","002","502",2020-07-09 15:00:00,0.20454347826087,0.0222,0.00120499333452237,23,0,1
"308","002","502",2020-07-10 03:00:00,0.203658333333333,0.0222,0.000970785515398851,24,0,1
"309","002","502",2020-07-10 15:00:00,0.202365217391304,0.0222,0.0012215070180253,23,0,1
"310","002","502",2020-07-11 03:00:00,0.201704166666667,0.0222,0.00103169831786338,24,0,1
"311","002","502",2020-07-11 15:00:00,0.200327272727273,0.0222,0.00130078534084283,22,0,1
"312","002","502",2020-07-12 03:00:00,0.201529166666667,0.0222,0.000881584524679619,24,0,1
"313","002","502",2020-07-12 15:00:00,0.200388888888889,0.0222,0.00117331129906029,18,0,1
"314","002","502",2020-07-13 03:00:00,0.19925,0.0222,0.000970021664183593,24,0,1
"315","002","502",2020-07-13 15:00:00,0.1967,0.0222,0.00107039788582888,18,0,1
"316","002","502",2020-07-14 03:00:00,0.195225,0.0222,0.000904342382578378,24,0,1
"317","002","502",2020-07-14 15:00:00,0.192704761904762,0.0222,0.000955870986275673,21,0,1
"318","002","502",2020-07-15 03:00:00,0.190604166666667,0.0222,0.000842732769347081,24,0,1
"319","002","502",2020-07-15 15:00:00,0.18908,0.0222,0.00110400228832715,20,0,1
"320","002","502",2020-07-16 03:00:00,0.187866666666667,0.0222,0.000969772621390224,24,0,1
"321","002","502",2020-07-16 15:00:00,0.186705263157895,0.0222,0.00104628201905802,19,0,1
"322","002","502",2020-07-17 03:00:00,0.18504347826087,0.0222,0.00081932745211713,23,0,1
"323","002","502",2020-07-17 15:00:00,0.183636842105263,0.0222,0.000910440113554618,19,0,1
"324","002","502",2020-07-18 03:00:00,0.181672727272727,0.0222,0.000770623568786846,22,0,1
"325","002","502",2020-07-18 15:00:00,0.182068421052632,0.0222,0.00108415090961968,19,0,1
"326","002","502",2020-07-19 03:00:00,0.180916666666667,0.0222,0.00087767534411184,24,0,1
"327","002","502",2020-07-19 15:00:00,0.17933,0.0222,0.000928924108848511,20,0,1
"328","002","502",2020-07-20 03:00:00,0.1767625,0.0222,0.000819216940088239,24,0,1
"329","002","502",2020-07-20 15:00:00,0.175944444444444,0.0222,0.00108203458265147,18,0,1
"330","002","502",2020-07-21 03:00:00,0.175016666666667,0.0222,0.000856722492964724,24,0,1
"331","002","502",2020-07-21 15:00:00,0.17391,0.0222,0.000853071848643107,20,0,1
"332","002","502",2020-07-22 03:00:00,0.172695,0.0222,0.000565847059492971,20,0,1
"333","002","502",2020-07-22 15:00:00,0.167113333333333,0.0222,0.00019269187510157,15,0,1
"334","002","502",2020-07-23 03:00:00,0.163790476190476,0.0222,0.000549194421377034,21,0,1
"335","002","502",2020-07-23 15:00:00,0.163415384615385,0.0222,0.00067156974109899,13,0,1
"336","002","502",2020-07-24 03:00:00,0.162926315789474,0.0222,0.000509663465691826,19,0,1
"337","002","502",2020-07-24 15:00:00,0.164334782608696,0.0222,0.000904918678145942,23,0,1
"338","002","502",2020-07-25 03:00:00,0.165333333333333,0.0222,0.000607729996620432,24,0,1
"339","002","502",2020-07-25 15:00:00,0.165714285714286,0.0222,0.000847160121883014,21,0,1
"340","002","502",2020-07-26 03:00:00,0.164028571428571,0.0222,0.000670718976605129,21,0,1
"341","002","502",2020-07-26 15:00:00,0.16327619047619,0.0222,0.000759288663405702,21,0,1
"342","002","502",2020-07-27 03:00:00,0.162366666666667,0.0222,0.000673614161554924,24,0,1
"343","002","502",2020-07-27 15:00:00,0.160481818181818,0.0222,0.000615831411532528,22,0,1
"344","002","502",2020-07-28 03:00:00,0.15814347826087,0.0222,0.000525621261886254,23,0,1
"345","002","502",2020-07-28 15:00:00,0.158271428571429,0.0222,0.000931464358062152,21,0,1
"346","002","502",2020-07-29 03:00:00,0.159608695652174,0.0222,0.00066949078175644,23,0,1
"347","002","502",2020-07-29 15:00:00,0.158585,0.0222,0.000954470781996081,20,0,1
"348","002","502",2020-07-30 03:00:00,0.160170833333333,0.0222,0.000728967881806403,24,0,1
"349","002","502",2020-07-30 15:00:00,0.159781818181818,0.0222,0.00111348748894463,22,0,1
"350","002","502",2020-07-31 03:00:00,0.160625,0.0222,0.000773853757296016,24,0,1
"351","002","502",2020-07-31 15:00:00,0.157742105263158,0.0222,0.000872192766311811,19,0,1
"352","002","503",2020-05-05 03:00:00,0.244535294117647,0.0222,0.000481414977563886,17,0,1
"353","002","503",2020-05-05 15:00:00,0.241252631578947,0.0222,0.000362364588223517,19,0,1
"354","002","503",2020-05-06 03:00:00,0.24358,0.0222,0.000413025999412236,15,0,1
"355","002","503",2020-05-06 15:00:00,0.240063157894737,0.0222,0.00034710250321449,19,0,1
"356","002","503",2020-05-07 03:00:00,0.241385,0.0222,0.000389147178218974,20,0,1
"357","002","503",2020-05-07 15:00:00,0.238057142857143,0.0222,0.000312858899086846,14,0,1
"358","002","503",2020-05-08 03:00:00,0.2372,0.0222,0.000486123224577559,19,0,1
"359","002","503",2020-05-08 15:00:00,0.233435,0.0222,0.000328655554774616,20,0,1
"360","002","503",2020-05-09 03:00:00,0.235263157894737,0.0222,0.000374104038936085,19,0,1
"361","002","503",2020-05-09 15:00:00,0.232394736842105,0.0222,0.000356516092515944,19,0,1
"362","002","503",2020-05-10 03:00:00,0.234161111111111,0.0222,0.000397470670508286,18,0,1
"363","002","503",2020-05-10 15:00:00,0.23092,0.0222,0.000269072480941474,20,0,1
"364","002","503",2020-05-11 03:00:00,0.232715789473684,0.0222,0.000222855361518602,19,0,1
"365","002","503",2020-05-11 15:00:00,0.23064,0.0222,0.000206282284630506,15,0,1
"366","002","503",2020-05-12 03:00:00,0.23115,0.0222,0.000312502631567868,20,0,1
"367","002","503",2020-05-12 15:00:00,0.228270588235294,0.0222,0.000219250847788681,17,0,1
"368","002","503",2020-05-13 03:00:00,0.22875625,0.0222,0.000321061877473278,16,0,1
"369","002","503",2020-05-13 15:00:00,0.225911111111111,0.0222,0.000136216112626748,18,0,1
"370","002","503",2020-05-14 03:00:00,0.225645,0.0222,0.000323750635032907,20,0,1
"371","002","503",2020-05-14 15:00:00,0.223110526315789,0.0222,0.00019748339730972,19,0,1
"372","002","503",2020-05-15 03:00:00,0.223275,0.0222,0.000260368328847167,16,0,1
"373","002","503",2020-05-15 15:00:00,0.221252631578947,0.0222,0.00015147779275849,19,0,1
"374","002","503",2020-05-16 03:00:00,0.22156,0.0222,0.000253958139940631,20,0,1
"375","002","503",2020-05-16 15:00:00,0.219044444444444,0.0222,0.000199545598540477,18,0,1
"376","002","503",2020-05-17 03:00:00,0.220045,0.0222,0.000266307598168181,20,0,1
"377","002","503",2020-05-17 15:00:00,0.217258823529412,0.0222,0.000151962365583171,17,0,1
"378","002","503",2020-05-18 03:00:00,0.218717647058824,0.0222,0.000108544953454388,17,0,1
"379","002","503",2020-05-18 15:00:00,0.217094736842105,0.0222,8.25307613076426e-05,19,0,1
"380","002","503",2020-05-19 03:00:00,0.217355,0.0222,0.000215391320745826,20,0,1
"381","002","503",2020-05-19 15:00:00,0.2154,0.0222,0.000135062053300541,14,0,1
"382","002","503",2020-05-20 03:00:00,0.214618181818182,0.0222,0.00029714633848958,22,0,1
"383","002","503",2020-05-20 15:00:00,0.211333333333333,0.0222,0.000129099444873581,18,0,1
"384","002","503",2020-05-21 03:00:00,0.21125,0.0222,0.000238801833723013,20,0,1
"385","002","503",2020-05-21 15:00:00,0.209827777777778,0.0222,0.000328275903761697,18,0,1
"386","002","503",2020-05-22 03:00:00,0.21188125,0.0222,0.000293004372834264,16,0,1
"387","002","503",2020-05-22 15:00:00,0.209415789473684,0.0222,0.00012915903381969,19,0,1
"388","002","503",2020-05-23 03:00:00,0.208610526315789,0.0222,0.000341983784099858,19,0,1
"389","002","503",2020-05-23 15:00:00,0.204938888888889,0.0222,0.000161718485507468,18,0,1
"390","002","503",2020-05-24 03:00:00,0.204395238095238,0.0222,0.000332771635587,21,0,1
"391","002","503",2020-05-24 15:00:00,0.201894117647059,0.0222,0.000302011709482199,17,0,1
"392","002","503",2020-05-25 03:00:00,0.203478571428571,0.0222,0.000311003086700447,14,0,1
"393","002","503",2020-05-25 15:00:00,0.202922727272727,0.0222,0.000563113323857379,22,0,1
"394","002","503",2020-05-26 03:00:00,0.207593333333333,0.0222,0.000327685486065187,15,0,1
"395","002","503",2020-05-26 15:00:00,0.206184210526316,0.0222,0.000468246895806519,19,0,1
"396","002","503",2020-05-27 03:00:00,0.209947619047619,0.0222,0.000212089272266258,21,0,1
"397","002","503",2020-05-27 15:00:00,0.2088,0.0222,0.000421109645262766,16,0,1
"398","002","503",2020-05-28 03:00:00,0.210838888888889,0.0222,0.00028355111455944,18,0,1
"399","002","503",2020-05-28 15:00:00,0.20944,0.0222,0.000514994220956942,15,0,1
"400","002","503",2020-05-29 03:00:00,0.21245,0.0222,0.000265617453453171,20,0,1
"401","002","503",2020-05-29 15:00:00,0.210475,0.0222,0.000270724337041698,16,0,1
"402","002","503",2020-05-30 03:00:00,0.2122875,0.0222,0.000247634643510691,16,0,1
"403","002","503",2020-05-30 15:00:00,0.210431578947368,0.0222,0.000240862562006939,19,0,1
"404","002","503",2020-05-31 03:00:00,0.21167,0.0222,0.000236543086094156,20,0,1
"405","002","503",2020-05-31 15:00:00,0.20994,0.0222,0.000258273620716276,20,0,1
"406","002","503",2020-06-01 03:00:00,0.21198,0.0222,0.000219566672811526,15,0,1
"407","002","503",2020-06-01 15:00:00,0.210023529411765,0.0222,0.000243825125943826,17,0,1
"408","002","503",2020-06-02 03:00:00,0.211416666666667,0.0222,0.00028008518778811,18,0,1
"409","002","503",2020-06-02 15:00:00,0.209663157894737,0.0222,0.000320654532206104,19,0,1
"410","002","503",2020-06-03 03:00:00,0.211055555555556,0.0222,0.000326720906083527,18,0,1
"411","002","503",2020-06-03 15:00:00,0.208845,0.0222,0.00035809988315523,20,0,1
"412","002","503",2020-06-04 03:00:00,0.211375,0.0222,0.000305551701198444,20,0,1
"413","002","503",2020-06-04 15:00:00,0.208947058823529,0.0222,0.000289283807198513,17,0,1
"414","002","503",2020-06-05 03:00:00,0.209552380952381,0.0222,0.000322536011102714,21,0,1
"415","002","503",2020-06-05 15:00:00,0.207088235294118,0.0222,0.000326622910940977,17,0,1
"416","002","503",2020-06-06 03:00:00,0.20935625,0.0222,0.000142585865942829,16,0,1
"417","002","503",2020-06-07 03:00:00,0.202852941176471,0.0222,0.000522938364314546,17,0,1
"418","002","503",2020-06-07 15:00:00,0.198088888888889,0.0222,0.000124692796068701,18,0,1
"419","002","503",2020-06-08 03:00:00,0.195082352941176,0.0222,0.000375366026671619,17,0,1
"420","002","503",2020-06-08 15:00:00,0.191858333333333,0.0222,0.000182764268328844,12,0,1
"421","002","503",2020-06-09 03:00:00,0.191013333333333,0.0222,0.000360273264893228,15,0,1
"422","002","503",2020-06-09 15:00:00,0.191095,0.0222,0.000664810024308488,20,0,1
"423","002","503",2020-06-10 03:00:00,0.196094444444444,0.0222,0.000326045049036866,18,0,1
"424","002","503",2020-06-10 15:00:00,0.19451,0.0222,0.000491876107636016,20,0,1
"425","002","503",2020-06-11 03:00:00,0.198073684210526,0.0222,0.000310521359857369,19,0,1
"426","002","503",2020-06-11 15:00:00,0.1967875,0.0222,0.000525002156655336,24,0,1
"427","002","503",2020-06-12 03:00:00,0.201273684210526,0.0222,0.000349422422788741,19,0,1
"428","002","503",2020-06-12 15:00:00,0.199077272727273,0.0222,0.000398695481999958,22,0,1
"429","002","503",2020-06-13 03:00:00,0.2023,0.0222,0.000212256051925375,20,0,1
"430","002","503",2020-06-13 15:00:00,0.19954,0.0222,0.000101793441644857,15,0,1
"431","002","503",2020-06-14 03:00:00,0.198745,0.0222,0.000295445693647304,20,0,1
"432","002","503",2020-06-14 15:00:00,0.19755,0.0222,0.000499332888295308,16,0,1
"433","002","503",2020-06-15 03:00:00,0.199957142857143,0.0222,0.000385978745317323,14,0,1
"434","002","503",2020-06-15 15:00:00,0.197872222222222,0.0222,0.0003672727215532,18,0,1
"435","002","503",2020-06-16 03:00:00,0.201073333333333,0.0222,0.000195049851177704,15,0,1
"436","002","503",2020-06-16 15:00:00,0.199513333333333,0.0222,0.000306883980972904,15,0,1
"437","002","503",2020-06-17 03:00:00,0.200833333333333,0.0222,0.000354522600844861,18,0,1
"438","002","503",2020-06-17 15:00:00,0.197815789473684,0.0222,0.000280586599186359,19,0,1
"439","002","503",2020-06-18 03:00:00,0.198352631578947,0.0222,0.000371213311814885,19,0,1
"440","002","503",2020-06-18 15:00:00,0.19579375,0.0222,0.000363830174440402,16,0,1
"441","002","503",2020-06-19 03:00:00,0.197647058823529,0.0222,0.000364219314894969,17,0,1
"442","002","503",2020-06-19 15:00:00,0.195209523809524,0.0222,0.00039187611999717,21,0,1
"443","002","503",2020-06-20 03:00:00,0.198305882352941,0.0222,0.000364254939430687,17,0,1
"444","002","503",2020-06-20 15:00:00,0.19621,0.0222,0.000374580467077222,20,0,1
"445","002","503",2020-06-21 03:00:00,0.199323529411765,0.0222,0.000235229770613115,17,0,1
"446","002","503",2020-06-21 15:00:00,0.198429411764706,0.0222,0.000518748827488565,17,0,1
"447","002","503",2020-06-22 03:00:00,0.201366666666667,0.0222,0.000286059548624892,18,0,1
"448","002","503",2020-06-22 15:00:00,0.20056875,0.0222,0.000502719168622006,16,0,1
"449","002","503",2020-06-23 03:00:00,0.202482608695652,0.0222,0.000341564186984753,23,0,1
"450","002","503",2020-06-23 15:00:00,0.200063157894737,0.0222,0.000474755124711172,19,0,1
"451","002","503",2020-06-24 03:00:00,0.201994444444444,0.0222,0.000403455031244805,18,0,1
"452","002","503",2020-06-24 15:00:00,0.199763157894737,0.0222,0.000429416204157152,19,0,1
"453","002","503",2020-06-25 03:00:00,0.202764705882353,0.0222,0.000291666254736898,17,0,1
"454","002","503",2020-06-25 15:00:00,0.201015789473684,0.0222,0.00035452489894287,19,0,1
"455","002","503",2020-06-26 03:00:00,0.201917647058824,0.0222,0.000342807965248858,17,0,1
"456","002","503",2020-06-26 15:00:00,0.199484210526316,0.0222,0.000374888923736143,19,0,1
"457","002","503",2020-06-27 03:00:00,0.20104,0.0222,0.000444200726827732,15,0,1
"458","002","503",2020-06-27 15:00:00,0.1986,0.0222,0.000350719193328752,23,0,1
"459","002","503",2020-06-28 03:00:00,0.201805882352941,0.0222,0.000234280906717973,17,0,1
"460","002","503",2020-06-28 15:00:00,0.1985625,0.0222,8.55740420143098e-05,16,0,1
"461","002","503",2020-06-29 03:00:00,0.195613333333333,0.0222,0.000494143478938838,15,0,1
"462","002","503",2020-06-29 15:00:00,0.191169230769231,0.0222,0.000159077716607653,13,0,1
"463","002","503",2020-06-30 03:00:00,0.19075,0.0222,0.000356994474670204,14,0,1
"464","002","503",2020-06-30 15:00:00,0.187517647058824,0.0222,0.000186932532284505,17,0,1
"465","002","503",2020-07-01 03:00:00,0.188471428571429,0.0222,0.000261111018329847,14,0,1
"466","002","503",2020-07-01 15:00:00,0.18737,0.0222,0.000475621477094638,20,0,1
"467","002","503",2020-07-02 03:00:00,0.191494117647059,0.0222,0.000213078035317928,17,0,1
"468","002","503",2020-07-02 15:00:00,0.190209090909091,0.0222,0.000375315687664825,22,0,1
"469","002","503",2020-07-03 03:00:00,0.193247058823529,0.0222,0.000257835681693449,17,0,1
"470","002","503",2020-07-03 15:00:00,0.191916666666667,0.0222,0.000417058639158491,18,0,1
"471","002","503",2020-07-04 03:00:00,0.194375,0.0222,0.000295451631687264,16,0,1
"472","002","503",2020-07-04 15:00:00,0.192933333333333,0.0222,0.000405920240724783,18,0,1
"473","002","503",2020-07-05 03:00:00,0.19484375,0.0222,0.000393697086391725,16,0,1
"474","002","503",2020-07-05 15:00:00,0.193546666666667,0.0222,0.000512125976565353,15,0,1
"475","002","503",2020-07-06 03:00:00,0.194926666666667,0.0222,0.000465010667227022,15,0,1
"476","002","503",2020-07-06 15:00:00,0.192677777777778,0.0222,0.000367428402661067,18,0,1
"477","002","503",2020-07-07 03:00:00,0.195217647058824,0.0222,0.000260688468307768,17,0,1
"478","002","503",2020-07-07 15:00:00,0.1933375,0.0222,0.000394849654932103,16,0,1
"479","002","503",2020-07-08 03:00:00,0.194529411764706,0.0222,0.000397766254324804,17,0,1
"480","002","503",2020-07-08 15:00:00,0.191685714285714,0.0222,0.000370217806824301,21,0,1
"481","002","503",2020-07-09 03:00:00,0.1931125,0.0222,0.000397164428585105,16,0,1
"482","002","503",2020-07-09 15:00:00,0.1907875,0.0222,0.000420304948816927,16,0,1
"483","002","503",2020-07-10 03:00:00,0.19251875,0.0222,0.000355811133187257,16,0,1
"484","002","503",2020-07-10 15:00:00,0.1901,0.0222,0.000388719617689242,17,0,1
"485","002","503",2020-07-11 03:00:00,0.19215,0.0222,0.000376190919405475,18,0,1
"486","002","503",2020-07-11 15:00:00,0.189752631578947,0.0222,0.000394580865869951,19,0,1
"487","002","503",2020-07-12 03:00:00,0.192633333333333,0.0222,0.000279822539468805,18,0,1
"488","002","503",2020-07-12 15:00:00,0.191344444444444,0.0222,0.000402055358447509,18,0,1
"489","002","503",2020-07-13 03:00:00,0.192966666666667,0.0222,0.000341469335650424,18,0,1
"490","002","503",2020-07-13 15:00:00,0.19053,0.0222,0.000329680866421165,20,0,1
"491","002","503",2020-07-14 03:00:00,0.19205,0.0222,0.000322531108250775,20,0,1
"492","002","503",2020-07-14 15:00:00,0.18926,0.0222,0.000334065861769801,15,0,1
"493","002","503",2020-07-15 03:00:00,0.19019375,0.0222,0.000337449841951856,16,0,1
"494","002","503",2020-07-15 15:00:00,0.187786666666667,0.0222,0.000369022733415949,15,0,1
"495","002","503",2020-07-16 03:00:00,0.189471428571429,0.0222,0.000348680701061182,21,0,1
"496","002","503",2020-07-16 15:00:00,0.186515,0.0222,0.000305155266777596,20,0,1
"497","002","503",2020-07-17 03:00:00,0.188264285714286,0.0222,0.000336858000353093,14,0,1
"498","002","503",2020-07-17 15:00:00,0.186355555555556,0.0222,0.000291516456807653,18,0,1
"499","002","503",2020-07-18 03:00:00,0.187455,0.0222,0.000302835286131448,20,0,1
"500","002","503",2020-07-18 15:00:00,0.18567,0.0222,0.000341135873532126,20,0,1
"501","002","503",2020-07-19 03:00:00,0.1878,0.0222,0.000324943433991391,17,0,1
"502","002","503",2020-07-19 15:00:00,0.184923529411765,0.0222,0.000256894549744796,17,0,1
"503","002","503",2020-07-20 03:00:00,0.185884210526316,0.0222,0.000335280554415676,19,0,1
"504","002","503",2020-07-20 15:00:00,0.183441176470588,0.0222,0.000362493288328274,17,0,1
"505","002","503",2020-07-21 03:00:00,0.185252631578947,0.0222,0.000327704083196149,19,0,1
"506","002","503",2020-07-21 15:00:00,0.18234375,0.0222,0.00026723409681401,16,0,1
"507","002","503",2020-07-22 03:00:00,0.1838,0.0222,0.000219658826364887,16,0,1
"508","002","503",2020-07-22 15:00:00,0.18058125,0.0222,0.000156316652450509,16,0,1
"509","002","503",2020-07-23 03:00:00,0.179005263157895,0.0222,0.0002744983392626,19,0,1
"510","002","503",2020-07-23 15:00:00,0.176385714285714,0.0222,0.000176304289544452,14,0,1
"511","002","503",2020-07-24 03:00:00,0.177322222222222,0.0222,0.000210594483096828,18,0,1
"512","002","503",2020-07-24 15:00:00,0.176511111111111,0.0222,0.00041043487927253,9,0,1
"513","002","503",2020-07-25 03:00:00,0.177909090909091,0.0222,0.000285547176632241,11,0,1
"514","002","503",2020-07-25 15:00:00,0.176330769230769,0.0222,0.00027766993304277,13,0,1
"515","002","503",2020-07-26 03:00:00,0.178023076923077,0.0222,0.000331498897038396,13,0,1
"516","002","503",2020-07-26 15:00:00,0.175853846153846,0.0222,0.000257108024941176,13,0,1
"517","002","503",2020-07-27 03:00:00,0.175936363636364,0.0222,0.000361379359292025,11,0,1
"518","002","503",2020-07-27 15:00:00,0.1741,0.0222,0.000164636761259127,20,0,1
"519","002","503",2020-07-28 03:00:00,0.17369375,0.0222,0.000290899288127925,16,0,1
"520","002","503",2020-07-28 15:00:00,0.172458333333333,0.0222,0.000420760194664539,12,0,1
"521","002","503",2020-07-29 03:00:00,0.17400625,0.0222,0.000314174679384999,16,0,1
"522","002","503",2020-07-29 15:00:00,0.1719,0.0222,0.00029632671801497,15,0,1
"523","002","503",2020-07-30 03:00:00,0.173575,0.0222,0.000372771154105751,12,0,1
"524","002","503",2020-07-30 15:00:00,0.172355,0.0222,0.000360005482414394,20,0,1
"525","002","503",2020-07-31 03:00:00,0.17438,0.0222,0.00031231851873185,15,0,1
"526","002","503",2020-07-31 15:00:00,0.171546153846154,0.0222,0.000216207220347003,13,0,1
"527","002","504",2020-05-05 03:00:00,0.225982352941176,0.0222,2.99942324328984e-05,17,0,1
"528","002","504",2020-05-05 15:00:00,0.22461,0.0222,0.000178281268018588,20,0,1
"529","002","504",2020-05-06 03:00:00,0.2246,0.0222,8.75261030404657e-05,19,0,1
"530","002","504",2020-05-06 15:00:00,0.223375,0.0222,0.000161374306091976,16,0,1
"531","002","504",2020-05-07 03:00:00,0.223715,0.0222,8.02217321914055e-05,20,0,1
"532","002","504",2020-05-07 15:00:00,0.222642105263158,0.0222,0.000174435730129552,19,0,1
"533","002","504",2020-05-08 03:00:00,0.222228571428571,0.0222,4.11758109784507e-05,14,0,1
"534","002","504",2020-05-08 15:00:00,0.220453333333333,0.0222,0.000209731498796203,15,0,1
"535","002","504",2020-05-09 03:00:00,0.220352941176471,0.0222,7.95749956380499e-05,17,0,1
"536","002","504",2020-05-09 15:00:00,0.219123529411765,0.0222,0.000176053428505613,17,0,1
"537","002","504",2020-05-10 03:00:00,0.219464285714286,0.0222,9.46985633280119e-05,14,0,1
"538","002","504",2020-05-10 15:00:00,0.218217647058824,0.0222,0.000205482805584807,17,0,1
"539","002","504",2020-05-11 03:00:00,0.218322222222222,0.0222,0.000109531251861512,18,0,1
"540","002","504",2020-05-11 15:00:00,0.21705,0.0222,0.000214670289824497,16,0,1
"541","002","504",2020-05-12 03:00:00,0.217092857142857,0.0222,8.92362500346753e-05,14,0,1
"542","002","504",2020-05-12 15:00:00,0.215183333333333,0.0222,0.000208048825340329,18,0,1
"543","002","504",2020-05-13 03:00:00,0.215176923076923,0.0222,9.81585884233378e-05,13,0,1
"544","002","504",2020-05-13 15:00:00,0.21419,0.0222,0.000263923389557567,10,0,1
"545","002","504",2020-05-14 03:00:00,0.212975,0.0222,4.62617716387047e-05,12,0,1
"546","002","504",2020-05-14 15:00:00,0.210993333333333,0.0222,0.000265198338475486,15,0,1
"547","002","504",2020-05-15 03:00:00,0.21062,0.0222,5.62308168347627e-05,15,0,1
"548","002","504",2020-05-15 15:00:00,0.20901,0.0222,0.000296066809277156,10,0,1
"549","002","504",2020-05-16 03:00:00,0.208221428571429,0.0222,5.0468760252076e-05,14,0,1
"550","002","504",2020-05-16 15:00:00,0.206016666666667,0.0222,0.000285198849644216,12,0,1
"551","002","504",2020-05-17 03:00:00,0.205494736842105,0.0222,6.94479839048765e-05,19,0,1
"552","002","504",2020-05-17 15:00:00,0.2036375,0.0222,0.000289521875972553,16,0,1
"553","002","504",2020-05-18 03:00:00,0.202709090909091,0.0222,0.000116349430951101,11,0,1
"554","002","504",2020-05-18 15:00:00,0.201066666666667,0.0222,0.000248167889919912,15,0,1
"555","002","504",2020-05-19 03:00:00,0.200378571428571,0.0222,7.42571796422024e-05,14,0,1
"556","002","504",2020-05-19 15:00:00,0.198191666666667,0.0222,0.000295280640350255,12,0,1
"557","002","504",2020-05-20 03:00:00,0.197636363636364,0.0222,3.09625206653192e-05,11,0,1
"558","002","504",2020-05-20 15:00:00,0.196088888888889,0.0222,0.000241778390522099,9,0,1
"559","002","504",2020-05-21 03:00:00,0.194966666666667,0.0222,5.55050275273166e-05,12,0,1
"560","002","504",2020-05-21 15:00:00,0.191633333333333,0.0222,0.000344802681092955,9,0,1
"561","002","504",2020-05-22 03:00:00,0.19165,0.0222,0.000146385010942277,8,0,1
"562","002","504",2020-05-22 15:00:00,0.189125,0.0222,8.5391256382994e-05,4,0,1
"563","002","504",2020-05-23 03:00:00,0.188969230769231,0.0222,0.000129290279338244,13,0,1
"564","002","504",2020-05-23 15:00:00,0.186916666666667,0.0222,0.000245515331044271,6,0,1
"565","002","504",2020-05-24 03:00:00,0.1869,0.0222,9.9999999999999e-05,9,0,1
"566","002","504",2020-05-24 15:00:00,0.18405,0.0222,0.000104697366067816,14,0,1
"567","002","504",2020-05-25 03:00:00,0.184313636363636,0.0222,6.11206508719158e-05,22,0,1
"568","002","504",2020-05-25 15:00:00,0.181682352941176,0.0222,8.23529411764709e-05,17,0,1
"569","002","504",2020-05-26 03:00:00,0.183671428571429,0.0222,0.000191990318960535,14,0,1
"570","002","504",2020-05-26 15:00:00,0.18230625,0.0222,0.000229758704949344,16,0,1
"571","002","504",2020-05-27 03:00:00,0.183905,0.0222,0.000206024398146382,20,0,1
"572","002","504",2020-05-27 15:00:00,0.183028571428571,0.0222,0.000219246604952869,14,0,1
"573","002","504",2020-05-28 03:00:00,0.183618181818182,0.0222,0.00017363398380092,11,0,1
"574","002","504",2020-05-28 15:00:00,0.182157142857143,0.0222,0.00016498893926107,14,0,1
"575","002","504",2020-05-29 03:00:00,0.183142857142857,0.0222,0.000177502293968859,14,0,1
"576","002","504",2020-05-29 15:00:00,0.182077777777778,0.0222,0.000138220614495831,9,0,1
"577","002","504",2020-05-30 03:00:00,0.18290625,0.0222,0.00012664542036726,16,0,1
"578","002","504",2020-05-30 15:00:00,0.181564285714286,0.0222,0.000167924349417106,14,0,1
"579","002","504",2020-05-31 03:00:00,0.182108333333333,0.0222,0.000100346621489937,12,0,1
"580","002","504",2020-05-31 15:00:00,0.180038461538462,0.0222,0.00020986517697067,13,0,1
"581","002","504",2020-06-01 03:00:00,0.180714285714286,0.0222,0.00012173523010221,14,0,1
"582","002","504",2020-06-01 15:00:00,0.179458333333333,0.0222,0.000247244920079363,12,0,1
"583","002","504",2020-06-02 03:00:00,0.17955,0.0222,8.39372059664508e-05,12,0,1
"584","002","504",2020-06-02 15:00:00,0.178418181818182,0.0222,0.000223532865925259,11,0,1
"585","002","504",2020-06-03 03:00:00,0.178175,0.0222,0.000109492631549506,12,0,1
"586","002","504",2020-06-03 15:00:00,0.1766,0.0222,0.000200475624928509,15,0,1
"587","002","504",2020-06-04 03:00:00,0.17671,0.0222,0.000149406232206767,10,0,1
"588","002","504",2020-06-04 15:00:00,0.175718181818182,0.0222,0.000262788605612325,11,0,1
"589","002","504",2020-06-05 03:00:00,0.175528571428571,0.0222,7.14285714285728e-05,14,0,1
"590","002","504",2020-06-05 15:00:00,0.173864285714286,0.0222,0.000194881520179258,14,0,1
"591","002","504",2020-06-06 03:00:00,0.1738875,0.0222,0.000165224414487862,8,0,1
"592","002","504",2020-06-07 03:00:00,0.17103,0.0222,7.00000000000006e-05,10,0,1
"593","002","504",2020-06-07 15:00:00,0.168454545454545,0.0222,0.000283601396445991,11,0,1
"594","002","504",2020-06-08 03:00:00,0.166536363636364,0.0222,0.000129525516807046,11,0,1
"595","002","504",2020-06-08 15:00:00,0.163566666666667,0.0222,0.000264049658629247,9,0,1
"596","002","504",2020-06-09 03:00:00,0.1619,0.0222,0.00010690449676497,8,0,1
"597","002","504",2020-06-09 15:00:00,0.16012,0.0222,0.000174355957741629,5,0,1
"598","002","504",2020-06-10 03:00:00,0.16,0.0222,0.00383375197895261,1,0,1
"599","002","504",2020-06-10 15:00:00,0.160433333333333,0.0222,6.14636297152882e-05,6,0,1
"600","002","504",2020-06-11 03:00:00,0.16165,0.0222,0.000125830573921178,4,0,1
"601","002","504",2020-06-11 15:00:00,0.1609,0.0222,0.000158865022072497,7,0,1
"602","002","504",2020-06-12 03:00:00,0.16195,0.0222,0.000148986474879331,12,0,1
"603","002","504",2020-06-12 15:00:00,0.16151,0.0222,0.000155241746962601,10,0,1
"604","002","504",2020-06-13 03:00:00,0.16201,0.0222,0.00015807874268506,10,0,1
"605","002","504",2020-06-13 15:00:00,0.16165,0.0222,0.000193649167310373,4,0,1
"606","002","504",2020-06-14 03:00:00,0.161285714285714,0.0222,0.000135274978203255,7,0,1
"607","002","504",2020-06-14 15:00:00,0.15995,0.0222,0.000173365381652612,10,0,1
"608","002","504",2020-06-15 03:00:00,0.160042857142857,0.0222,0.000136027208162721,7,0,1
"609","002","504",2020-06-15 15:00:00,0.159109090909091,0.0222,0.000117128170242956,11,0,1
"610","002","504",2020-06-16 03:00:00,0.159542857142857,0.0222,7.19031850978156e-05,7,0,1
"611","002","504",2020-06-16 15:00:00,0.159266666666667,0.0222,0.000108012344973462,9,0,1
"612","002","504",2020-06-17 03:00:00,0.161383333333333,0.0222,0.000263935287047398,24,0,1
"613","002","504",2020-06-17 15:00:00,0.160441666666667,0.0222,0.000249993961279725,24,0,1
"614","002","504",2020-06-18 03:00:00,0.163279166666667,0.0222,0.000107840993836717,24,0,1
"615","002","504",2020-06-18 15:00:00,0.1604,0.0222,0.000212728990004667,24,0,1
"616","002","504",2020-06-19 03:00:00,0.159263157894737,0.0222,0.000129373326769029,19,0,1
"617","002","504",2020-06-19 15:00:00,0.157277272727273,0.0222,0.000257773669827537,22,0,1
"618","002","504",2020-06-20 03:00:00,0.157116666666667,0.0222,0.00021700085709664,24,0,1
"619","002","504",2020-06-20 15:00:00,0.156726086956522,0.0222,0.000218168570944575,23,0,1
"620","002","504",2020-06-21 03:00:00,0.156505882352941,0.0222,0.000237862817025242,17,0,1
"621","002","504",2020-06-21 15:00:00,0.156927272727273,0.0222,0.000172727272727273,22,0,1
"622","002","504",2020-06-22 03:00:00,0.15629,0.0222,0.000118521594745653,20,0,1
"623","002","504",2020-06-22 15:00:00,0.15575,0.0222,7.22998805481227e-05,12,0,1
"624","002","504",2020-06-23 03:00:00,0.156185714285714,0.0222,8.50708449800511e-05,14,0,1
"625","002","504",2020-06-23 15:00:00,0.155747058823529,0.0222,8.91618023013188e-05,17,0,1
"626","002","504",2020-06-24 03:00:00,0.156193333333333,0.0222,5.11456060270377e-05,15,0,1
"627","002","504",2020-06-24 15:00:00,0.15565,0.0222,7.63762615825975e-05,18,0,1
"628","002","504",2020-06-25 03:00:00,0.1563,0.0222,0.000141421356237308,8,0,1
"629","002","504",2020-06-25 15:00:00,0.156919047619048,0.0222,7.3878615895409e-05,21,0,1
"630","002","504",2020-06-26 03:00:00,0.158473913043478,0.0222,0.000163244934828641,23,0,1
"631","002","504",2020-06-26 15:00:00,0.158288888888889,0.0222,8.20046582802828e-05,18,0,1
"632","002","504",2020-06-27 03:00:00,0.158310526315789,0.0222,7.44942938440775e-05,19,0,1
"633","002","504",2020-06-27 15:00:00,0.156888888888889,0.0222,0.000294379694446717,18,0,1
"634","002","504",2020-06-28 03:00:00,0.157229411764706,0.0222,0.00016577906671814,17,0,1
"635","002","504",2020-06-28 15:00:00,0.155293333333333,0.0222,7.4620734171234e-05,15,0,1
"636","002","504",2020-06-29 03:00:00,0.1531,0.0222,0.00383375197895261,1,0,1
"637","002","504",2020-06-29 15:00:00,0.1531,0.0222,0.000177540045725626,19,0,1
"638","002","504",2020-06-30 03:00:00,0.15414,0.0222,0.000157601063569049,15,0,1
"639","002","504",2020-06-30 15:00:00,0.151068421052632,0.0222,0.000274666478408527,19,0,1
"640","002","504",2020-07-01 03:00:00,0.1510375,0.0222,0.000139462282574428,24,0,1
"641","002","504",2020-07-01 15:00:00,0.150630434782609,0.0222,8.49167885207384e-05,23,0,1
"642","002","504",2020-07-02 03:00:00,0.15121,0.0222,0.000158097238565717,20,0,1
"643","002","504",2020-07-02 15:00:00,0.150945833333333,0.0222,0.000134188269032333,24,0,1
"644","002","504",2020-07-03 03:00:00,0.151278260869565,0.0222,0.000118947379626975,23,0,1
"645","002","504",2020-07-03 15:00:00,0.151291666666667,0.0222,0.000190243614479545,24,0,1
"646","002","504",2020-07-04 03:00:00,0.150455555555556,0.0222,8.05301965944694e-05,18,0,1
"647","002","504",2020-07-04 15:00:00,0.1505,0.0222,4.74341649025263e-05,16,0,1
"648","002","504",2020-07-05 03:00:00,0.15265652173913,0.0222,0.000121229877830978,23,0,1
"649","002","504",2020-07-05 15:00:00,0.151921739130435,0.0222,0.000164779949293881,23,0,1
"650","002","504",2020-07-06 03:00:00,0.153228571428571,0.0222,0.000165923513236967,21,0,1
"651","002","504",2020-07-06 15:00:00,0.153526666666667,0.0222,9.48515967015066e-05,15,0,1
"652","002","504",2020-07-07 03:00:00,0.153429166666667,0.0222,0.000106062458811222,24,0,1
"653","002","504",2020-07-07 15:00:00,0.153157142857143,0.0222,0.000130305762868473,21,0,1
"654","002","504",2020-07-08 03:00:00,0.152366666666667,0.0222,0.000258137406500725,15,0,1
"655","002","504",2020-07-08 15:00:00,0.152458333333333,0.0222,0.0001752758350643,24,0,1
"656","002","504",2020-07-09 03:00:00,0.153080952380952,0.0222,0.000140003239353518,21,0,1
"657","002","504",2020-07-09 15:00:00,0.152366666666667,0.0222,0.0002056860794634,24,0,1
"658","002","504",2020-07-10 03:00:00,0.15195,0.0222,0.000234110427592818,14,0,1
"659","002","504",2020-07-10 15:00:00,0.150414285714286,0.0222,9.71331604727359e-05,14,0,1
"660","002","504",2020-07-11 03:00:00,0.1506,0.0222,9.0369611411506e-05,16,0,1
"661","002","504",2020-07-11 15:00:00,0.1516875,0.0222,0.000161549617720091,24,0,1
"662","002","504",2020-07-12 03:00:00,0.151954545454545,0.0222,0.000156908343489414,22,0,1
"663","002","504",2020-07-12 15:00:00,0.150707142857143,0.0222,0.000111169747304991,14,0,1
"664","002","504",2020-07-13 03:00:00,0.151495,0.0222,9.27574652975225e-05,20,0,1
"665","002","504",2020-07-13 15:00:00,0.151989473684211,0.0222,0.000132209017758742,19,0,1
"666","002","504",2020-07-14 03:00:00,0.152721739130435,0.0222,0.000185113630495495,23,0,1
"667","002","504",2020-07-14 15:00:00,0.152194117647059,0.0222,0.000273655884739566,17,0,1
"668","002","504",2020-07-15 03:00:00,0.151329411764706,0.0222,0.0002396021067315,17,0,1
"669","002","504",2020-07-15 15:00:00,0.151939130434783,0.0222,0.000133327604849159,23,0,1
"670","002","504",2020-07-16 03:00:00,0.152722727272727,0.0222,7.20545182548917e-05,22,0,1
"671","002","504",2020-07-16 15:00:00,0.151026086956522,0.0222,7.80739973577178e-05,23,0,1
"672","002","504",2020-07-17 03:00:00,0.151133333333333,0.0222,0.000176280683079721,24,0,1
"673","002","504",2020-07-17 15:00:00,0.151108333333333,0.0222,8.80375139627093e-05,24,0,1
"674","002","504",2020-07-18 03:00:00,0.151079166666667,0.0222,0.000180074377413796,24,0,1
"675","002","504",2020-07-18 15:00:00,0.150445833333333,0.0222,0.00017109823928937,24,0,1
"676","002","504",2020-07-19 03:00:00,0.150195454545455,0.0222,7.71452985460593e-05,22,0,1
"677","002","504",2020-07-19 15:00:00,0.150370833333333,0.0222,0.000135731935124201,24,0,1
"678","002","504",2020-07-20 03:00:00,0.150695652173913,0.0222,0.0001676951710399,23,0,1
"679","002","504",2020-07-20 15:00:00,0.150921739130435,0.0222,0.000213844585594557,23,0,1
"680","002","504",2020-07-21 03:00:00,0.149813043478261,0.0222,0.000135760826052139,23,0,1
"681","002","504",2020-07-21 15:00:00,0.150504545454545,0.0222,0.000170367221499189,22,0,1
"682","002","504",2020-07-22 03:00:00,0.149180952380952,0.0222,9.82269111654109e-05,21,0,1
"683","002","504",2020-07-22 15:00:00,0.150139130434783,0.0222,0.000146735104614663,23,0,1
"684","002","504",2020-07-23 03:00:00,0.15042380952381,0.0222,0.000120890497855105,21,0,1
"685","002","504",2020-07-23 15:00:00,0.148004166666667,0.0222,0.000233629147373386,24,0,1
"686","002","504",2020-07-24 03:00:00,0.148482608695652,0.0222,0.000133758701672987,23,0,1
"687","002","504",2020-07-24 15:00:00,0.147645,0.0222,0.000215269109427442,20,0,1
"688","002","504",2020-07-25 03:00:00,0.147416666666667,0.0222,0.000148746777661683,24,0,1
"689","002","504",2020-07-25 15:00:00,0.148141666666667,0.0222,0.000144327107674414,24,0,1
"690","002","504",2020-07-26 03:00:00,0.147163636363636,0.0222,0.000209983039363063,22,0,1
"691","002","504",2020-07-26 15:00:00,0.146461904761905,0.0222,7.94253739221651e-05,21,0,1
"692","002","504",2020-07-27 03:00:00,0.147792307692308,0.0222,0.000344082119458374,13,0,1
"693","002","504",2020-07-27 15:00:00,0.148671428571429,0.0222,3.97269592659319e-05,21,0,1
"694","002","504",2020-07-28 03:00:00,0.148033333333333,0.0222,0.000191526864127566,21,0,1
"695","002","504",2020-07-28 15:00:00,0.145959090909091,0.0222,0.000140755397258992,22,0,1
"696","002","504",2020-07-29 03:00:00,0.145673684210526,0.0222,0.000113900055004417,19,0,1
"697","002","504",2020-07-29 15:00:00,0.146658823529412,0.0222,0.000251182325320937,17,0,1
"698","002","504",2020-07-30 03:00:00,0.146960869565217,0.0222,0.000169833577041476,23,0,1
"699","002","504",2020-07-30 15:00:00,0.145810526315789,0.0222,0.000103701871621976,19,0,1
"700","002","504",2020-07-31 03:00:00,0.146354166666667,0.0222,0.000116248603960242,24,0,1
"701","002","504",2020-07-31 15:00:00,0.146631578947368,0.0222,0.000120925435335373,19,0,1
"702","005","501",2020-05-05 03:00:00,0.168215789473684,0.0222,0.00120095632356258,19,0,1
"703","005","501",2020-05-05 15:00:00,0.1822,0.0222,0.00208215328898729,24,0,1
"704","005","501",2020-05-06 03:00:00,0.167875,0.0222,0.00130449682120032,24,0,1
"705","005","501",2020-05-06 15:00:00,0.178166666666667,0.0222,0.00168648363559807,24,0,1
"706","005","501",2020-05-07 03:00:00,0.1627875,0.0222,0.00123350438247872,24,0,1
"707","005","501",2020-05-07 15:00:00,0.171033333333333,0.0222,0.00159376805663732,24,0,1
"708","005","501",2020-05-08 03:00:00,0.155745833333333,0.0222,0.00107669615374437,24,0,1
"709","005","501",2020-05-08 15:00:00,0.16825,0.0222,0.00198415531004312,22,0,1
"710","005","501",2020-05-09 03:00:00,0.1555875,0.0222,0.00114308431764519,24,0,1
"711","005","501",2020-05-09 15:00:00,0.168270833333333,0.0222,0.00177647141672599,24,0,1
"712","005","501",2020-05-10 03:00:00,0.152416666666667,0.0222,0.00119945136411579,24,0,1
"713","005","501",2020-05-10 15:00:00,0.162966666666667,0.0222,0.00148415137840102,24,0,1
"714","005","501",2020-05-11 03:00:00,0.152540909090909,0.0222,0.000875784350764321,22,0,1
"715","005","501",2020-05-11 15:00:00,0.159073913043478,0.0222,0.00106519157829497,23,0,1
"716","005","501",2020-05-12 03:00:00,0.146077272727273,0.0222,0.000993723415189215,22,0,1
"717","005","501",2020-05-12 15:00:00,0.153004166666667,0.0222,0.00111339797119922,24,0,1
"718","005","501",2020-05-13 03:00:00,0.144594117647059,0.0222,0.000841019627500352,17,0,1
"719","005","501",2020-05-13 15:00:00,0.14578,0.0222,0.00114759703178791,20,0,1
"720","005","501",2020-05-14 03:00:00,0.137785714285714,0.0222,0.000886171157129305,21,0,1
"721","005","501",2020-05-14 15:00:00,0.145295652173913,0.0222,0.00111912017709688,23,0,1
"722","005","501",2020-05-15 03:00:00,0.136994444444444,0.0222,0.0006842042380466,18,0,1
"723","005","501",2020-05-15 15:00:00,0.14295,0.0222,0.00094171598920747,22,0,1
"724","005","501",2020-05-16 03:00:00,0.134968421052632,0.0222,0.000880027000900858,19,0,1
"725","005","501",2020-05-16 15:00:00,0.143917391304348,0.0222,0.00121571807655255,23,0,1
"726","005","501",2020-05-17 03:00:00,0.133908695652174,0.0222,0.000927743512741492,23,0,1
"727","005","501",2020-05-17 15:00:00,0.139660869565217,0.0222,0.000860272480283655,23,0,1
"728","005","501",2020-05-18 03:00:00,0.135873333333333,0.0222,0.000619713195312513,15,0,1
"729","005","501",2020-05-18 15:00:00,0.136861538461538,0.0222,0.000727618037083706,13,0,1
"730","005","501",2020-05-19 03:00:00,0.13,0.0222,0.000778431681236665,17,0,1
"731","005","501",2020-05-19 15:00:00,0.132005,0.0222,0.000641891735419611,20,0,1
"732","005","501",2020-05-20 03:00:00,0.121170833333333,0.0222,0.000829800027566155,24,0,1
"733","005","501",2020-05-20 15:00:00,0.127045833333333,0.0222,0.000957218554516737,24,0,1
"734","005","501",2020-05-21 03:00:00,0.122552941176471,0.0222,0.000593724389358422,17,0,1
"735","005","501",2020-05-21 15:00:00,0.135365217391304,0.0222,0.00161873430153271,23,0,1
"736","005","501",2020-05-22 03:00:00,0.125173913043478,0.0222,0.000949312574072767,23,0,1
"737","005","501",2020-05-22 15:00:00,0.128760869565217,0.0222,0.000748271767185287,23,0,1
"738","005","501",2020-05-23 03:00:00,0.15024,0.0222,0.00310188737112712,20,0,1
"739","005","501",2020-05-23 15:00:00,0.178429411764706,0.0222,0.00110376243933708,17,0,1
"740","005","501",2020-05-24 03:00:00,0.164714285714286,0.0222,0.00136670067984885,21,0,1
"741","005","501",2020-05-24 15:00:00,0.179595652173913,0.0222,0.00205349868474653,23,0,1
"742","005","501",2020-05-25 03:00:00,0.168586956521739,0.0222,0.00151535362689327,23,0,1
"743","005","501",2020-05-25 15:00:00,0.192591304347826,0.0222,0.00331890567851879,23,0,1
"744","005","501",2020-05-26 03:00:00,0.178521739130435,0.0222,0.0017897043777542,23,0,1
"745","005","501",2020-05-26 15:00:00,0.194513043478261,0.0222,0.00271758513142724,23,0,1
"746","005","501",2020-05-27 03:00:00,0.180938095238095,0.0222,0.00162375925072296,21,0,1
"747","005","501",2020-05-27 15:00:00,0.188486956521739,0.0222,0.00158755416760876,23,0,1
"748","005","501",2020-05-28 03:00:00,0.170980952380952,0.0222,0.00160587639694578,21,0,1
"749","005","501",2020-05-28 15:00:00,0.181595,0.0222,0.00188585419707664,20,0,1
"750","005","501",2020-05-29 03:00:00,0.165845454545455,0.0222,0.0013979689545743,22,0,1
"751","005","501",2020-05-29 15:00:00,0.169575,0.0222,0.00105566535787914,24,0,1
"752","005","501",2020-05-30 03:00:00,0.157595,0.0222,0.00119438323656583,20,0,1
"753","005","501",2020-05-30 15:00:00,0.160178260869565,0.0222,0.000849225560285755,23,0,1
"754","005","501",2020-05-31 03:00:00,0.146485714285714,0.0222,0.000878778527662273,21,0,1
"755","005","501",2020-05-31 15:00:00,0.151440909090909,0.0222,0.000919595692520192,22,0,1
"756","005","501",2020-06-01 03:00:00,0.139313636363636,0.0222,0.000914843810257505,22,0,1
"757","005","501",2020-06-01 15:00:00,0.14162380952381,0.0222,0.000975360855368895,21,0,1
"758","005","501",2020-06-02 03:00:00,0.13132,0.0222,0.000909586372161023,20,0,1
"759","005","501",2020-06-02 15:00:00,0.1383,0.0222,0.00123110220868186,23,0,1
"760","005","501",2020-06-03 03:00:00,0.125295833333333,0.0222,0.00100550079754555,24,0,1
"761","005","501",2020-06-03 15:00:00,0.135325,0.0222,0.00130409402724039,24,0,1
"762","005","501",2020-06-04 03:00:00,0.122540909090909,0.0222,0.00106156094924272,22,0,1
"763","005","501",2020-06-04 15:00:00,0.128804166666667,0.0222,0.00101337932234982,24,0,1
"764","005","501",2020-06-05 03:00:00,0.116045454545455,0.0222,0.000943437742360955,22,0,1
"765","005","501",2020-06-05 15:00:00,0.122335,0.0222,0.00109847442056316,20,0,1
"766","005","501",2020-06-06 03:00:00,0.114833333333333,0.0222,0.000720294057598537,18,0,1
"767","005","501",2020-06-06 15:00:00,0.1517,0.0222,0.00383375197895261,1,0,1
"768","005","501",2020-06-07 03:00:00,0.1516,0.0222,0.000218326971917504,16,0,1
"769","005","501",2020-06-07 15:00:00,0.171865,0.0222,0.00182719622718294,20,0,1
"770","005","501",2020-06-08 03:00:00,0.16866,0.0222,0.000940236376899152,10,0,1
"771","005","501",2020-06-08 15:00:00,0.17691,0.0222,0.00138567672997709,20,0,1
"772","005","501",2020-06-09 03:00:00,0.167504545454545,0.0222,0.00143816979159928,22,0,1
"773","005","501",2020-06-09 15:00:00,0.195882608695652,0.0222,0.00383375197895261,23,0,1
"774","005","501",2020-06-10 03:00:00,0.1813625,0.0222,0.00205219758933008,24,0,1
"775","005","501",2020-06-10 15:00:00,0.198570833333333,0.0222,0.00262167304121322,24,0,1
"776","005","501",2020-06-11 03:00:00,0.181554545454545,0.0222,0.00182362712725279,22,0,1
"777","005","501",2020-06-11 15:00:00,0.196919047619048,0.0222,0.00270140720866542,21,0,1
"778","005","501",2020-06-12 03:00:00,0.179131818181818,0.0222,0.00193887531959106,22,0,1
"779","005","501",2020-06-12 15:00:00,0.185340909090909,0.0222,0.00149690386223252,22,0,1
"780","005","501",2020-06-13 03:00:00,0.169780952380952,0.0222,0.00132806015081108,21,0,1
"781","005","501",2020-06-13 15:00:00,0.164180952380952,0.0222,0.000459586721575511,21,0,1
"782","005","501",2020-06-14 03:00:00,0.151679166666667,0.0222,0.00105437286749983,24,0,1
"783","005","501",2020-06-14 15:00:00,0.163833333333333,0.0222,0.00170307337986303,24,0,1
"784","005","501",2020-06-15 03:00:00,0.148352173913043,0.0222,0.00133970779607433,23,0,1
"785","005","501",2020-06-15 15:00:00,0.156634782608696,0.0222,0.00141568861574329,23,0,1
"786","005","501",2020-06-16 03:00:00,0.144895238095238,0.0222,0.00103183784695253,21,0,1
"787","005","501",2020-06-16 15:00:00,0.147510526315789,0.0222,0.0012631042873615,19,0,1
"788","005","501",2020-06-17 03:00:00,0.136663157894737,0.0222,0.00103013683660169,19,0,1
"789","005","501",2020-06-17 15:00:00,0.141638888888889,0.0222,0.00151068393135369,18,0,1
"790","005","501",2020-06-18 03:00:00,0.129154166666667,0.0222,0.00116997428385381,24,0,1
"791","005","501",2020-06-18 15:00:00,0.139373913043478,0.0222,0.00155315842162358,23,0,1
"792","005","501",2020-06-19 03:00:00,0.1258,0.0222,0.00113335464600591,24,0,1
"793","005","501",2020-06-19 15:00:00,0.138040909090909,0.0222,0.00172475808066983,22,0,1
"794","005","501",2020-06-20 03:00:00,0.124558333333333,0.0222,0.00123779427282394,24,0,1
"795","005","501",2020-06-20 15:00:00,0.13374347826087,0.0222,0.00135637604366063,23,0,1
"796","005","501",2020-06-21 03:00:00,0.121833333333333,0.0222,0.00103567989757528,24,0,1
"797","005","501",2020-06-21 15:00:00,0.131395833333333,0.0222,0.00127924455694501,24,0,1
"798","005","501",2020-06-22 03:00:00,0.119469565217391,0.0222,0.000998584666055401,23,0,1
"799","005","501",2020-06-22 15:00:00,0.126704761904762,0.0222,0.00129857937378609,21,0,1
"800","005","501",2020-06-23 03:00:00,0.112861904761905,0.0222,0.00119298497556651,21,0,1
"801","005","501",2020-06-23 15:00:00,0.1226,0.0222,0.00148350615564412,23,0,1
"802","005","501",2020-06-24 03:00:00,0.108504545454545,0.0222,0.00116816497368555,22,0,1
"803","005","501",2020-06-24 15:00:00,0.116772727272727,0.0222,0.00135811146279524,22,0,1
"804","005","501",2020-06-25 03:00:00,0.106054545454545,0.0222,0.000893791168282064,22,0,1
"805","005","501",2020-06-25 15:00:00,0.111527272727273,0.0222,0.000990674740944541,22,0,1
"806","005","501",2020-06-26 03:00:00,0.100739130434783,0.0222,0.000681684124989165,23,0,1
"807","005","501",2020-06-26 15:00:00,0.109405,0.0222,0.00127526003540248,20,0,1
"808","005","501",2020-06-27 03:00:00,0.0985739130434783,0.0222,0.000918759633679252,23,0,1
"809","005","501",2020-06-27 15:00:00,0.106219047619048,0.0222,0.00125613957079426,21,0,1
"810","005","501",2020-06-28 03:00:00,0.0983545454545455,0.0222,0.000754918282688913,22,0,1
"811","005","501",2020-06-28 15:00:00,0.0971809523809524,0.0222,0.000469478892857818,21,0,1
"812","005","501",2020-06-29 03:00:00,0.0972772727272727,0.0222,0.00125071290178516,22,0,1
"813","005","501",2020-06-29 15:00:00,0.124030434782609,0.0222,0.001900722088526,23,0,1
"814","005","501",2020-06-30 03:00:00,0.1200125,0.0222,0.00110385215646541,16,0,1
"815","005","501",2020-06-30 15:00:00,0.129709523809524,0.0222,0.00172234481313377,21,0,1
"816","005","501",2020-07-01 03:00:00,0.123072727272727,0.0222,0.00133626056085682,22,0,1
"817","005","501",2020-07-01 15:00:00,0.140686956521739,0.0222,0.00239124146521705,23,0,1
"818","005","501",2020-07-02 03:00:00,0.130582608695652,0.0222,0.00138343749241214,23,0,1
"819","005","501",2020-07-02 15:00:00,0.137925,0.0222,0.00147956184759866,24,0,1
"820","005","501",2020-07-03 03:00:00,0.123665217391304,0.0222,0.00133180326942261,23,0,1
"821","005","501",2020-07-03 15:00:00,0.129236363636364,0.0222,0.00136141232775776,22,0,1
"822","005","501",2020-07-04 03:00:00,0.115513043478261,0.0222,0.00123208593246306,23,0,1
"823","005","501",2020-07-04 15:00:00,0.12046,0.0222,0.00124795411521586,20,0,1
"824","005","501",2020-07-05 03:00:00,0.106813636363636,0.0222,0.00119020707308441,22,0,1
"825","005","501",2020-07-05 15:00:00,0.113219047619048,0.0222,0.00134198891216091,21,0,1
"826","005","501",2020-07-06 03:00:00,0.100504761904762,0.0222,0.0011582925897009,21,0,1
"827","005","501",2020-07-06 15:00:00,0.105709523809524,0.0222,0.00120674502695918,21,0,1
"828","005","501",2020-07-07 03:00:00,0.0958727272727273,0.0222,0.000862599058071724,22,0,1
"829","005","501",2020-07-07 15:00:00,0.0998545454545455,0.0222,0.000937199643608306,22,0,1
"830","005","501",2020-07-08 03:00:00,0.0892363636363636,0.0222,0.000824897880457809,22,0,1
"831","005","501",2020-07-08 15:00:00,0.0968583333333333,0.0222,0.00113804301685506,24,0,1
"832","005","501",2020-07-09 03:00:00,0.0869363636363636,0.0222,0.000875361284833098,22,0,1
"833","005","501",2020-07-09 15:00:00,0.0933173913043478,0.0222,0.00108448731396304,23,0,1
"834","005","501",2020-07-10 03:00:00,0.0841608695652174,0.0222,0.000789149217429102,23,0,1
"835","005","501",2020-07-10 15:00:00,0.0894526315789474,0.0222,0.00108924482722151,19,0,1
"836","005","501",2020-07-11 03:00:00,0.0814826086956522,0.0222,0.000810715103600549,23,0,1
"837","005","501",2020-07-11 15:00:00,0.0877333333333333,0.0222,0.00113846875719587,21,0,1
"838","005","501",2020-07-12 03:00:00,0.0813772727272727,0.0222,0.000694409706595416,22,0,1
"839","005","501",2020-07-12 15:00:00,0.086252380952381,0.0222,0.00097153827578495,21,0,1
"840","005","501",2020-07-13 03:00:00,0.0788380952380952,0.0222,0.000716056535094295,21,0,1
"841","005","501",2020-07-13 15:00:00,0.08355,0.0222,0.000890183990100858,24,0,1
"842","005","501",2020-07-14 03:00:00,0.0763652173913043,0.0222,0.000595058993177774,23,0,1
"843","005","501",2020-07-14 15:00:00,0.0814708333333333,0.0222,0.000856929959398089,24,0,1
"844","005","501",2020-07-15 03:00:00,0.0747772727272727,0.0222,0.000580562938416169,22,0,1
"845","005","501",2020-07-15 15:00:00,0.0796952380952381,0.0222,0.000968343607612313,21,0,1
"846","005","501",2020-07-16 03:00:00,0.0728363636363636,0.0222,0.000718329756257467,22,0,1
"847","005","501",2020-07-16 15:00:00,0.0778608695652174,0.0222,0.000896429878403579,23,0,1
"848","005","501",2020-07-17 03:00:00,0.0718227272727273,0.0222,0.000599239482591934,22,0,1
"849","005","501",2020-07-17 15:00:00,0.0765272727272727,0.0222,0.000748654834615494,22,0,1
"850","005","501",2020-07-18 03:00:00,0.0708777777777778,0.0222,0.000661922114741624,18,0,1
"851","005","501",2020-07-18 15:00:00,0.07555,0.0222,0.000841940399531722,22,0,1
"852","005","501",2020-07-19 03:00:00,0.06977,0.0222,0.000633083514903133,20,0,1
"853","005","501",2020-07-19 15:00:00,0.0741,0.0222,0.000782768977877428,22,0,1
"854","005","501",2020-07-20 03:00:00,0.0677545454545455,0.0222,0.000596444271816012,22,0,1
"855","005","501",2020-07-20 15:00:00,0.072647619047619,0.0222,0.000884055025426506,21,0,1
"856","005","501",2020-07-21 03:00:00,0.0667434782608696,0.0222,0.000617332848092705,23,0,1
"857","005","501",2020-07-21 15:00:00,0.0711347826086957,0.0222,0.000779038849783769,23,0,1
"858","005","501",2020-07-22 03:00:00,0.0674235294117647,0.0222,0.000390938671638787,17,0,1
"859","005","501",2020-07-22 15:00:00,0.067245,0.0222,0.000440422942659727,20,0,1
"860","005","501",2020-07-23 03:00:00,0.0652666666666667,0.0222,0.00035746017649212,24,0,1
"861","005","501",2020-07-23 15:00:00,0.0705333333333333,0.0222,0.000659015619922311,21,0,1
"862","005","501",2020-07-24 03:00:00,0.066747619047619,0.0222,0.000377120610214459,21,0,1
"863","005","501",2020-07-24 15:00:00,0.0723142857142857,0.0222,0.00083447404919237,21,0,1
"864","005","501",2020-07-25 03:00:00,0.0673,0.0222,0.000512695955569325,22,0,1
"865","005","501",2020-07-25 15:00:00,0.071904347826087,0.0222,0.000713380812907169,23,0,1
"866","005","501",2020-07-26 03:00:00,0.065885,0.0222,0.000566813577447601,20,0,1
"867","005","501",2020-07-26 15:00:00,0.0701944444444444,0.0222,0.00061831904862852,18,0,1
"868","005","501",2020-07-27 03:00:00,0.0645666666666667,0.0222,0.000538707076257275,24,0,1
"869","005","501",2020-07-27 15:00:00,0.0679722222222222,0.0222,0.00070742123770258,18,0,1
"870","005","501",2020-07-28 03:00:00,0.06518125,0.0222,0.000344264766083703,16,0,1
"871","005","501",2020-07-28 15:00:00,0.0728391304347826,0.0222,0.000956519942506398,23,0,1
"872","005","501",2020-07-29 03:00:00,0.0672260869565217,0.0222,0.000596505548357696,23,0,1
"873","005","501",2020-07-29 15:00:00,0.0727863636363636,0.0222,0.000921750063656332,22,0,1
"874","005","501",2020-07-30 03:00:00,0.0664695652173913,0.0222,0.000649184188027199,23,0,1
"875","005","501",2020-07-30 15:00:00,0.0711190476190476,0.0222,0.000917128516922949,21,0,1
"876","005","501",2020-07-31 03:00:00,0.0650478260869565,0.0222,0.000665759679760169,23,0,1
"877","005","501",2020-07-31 15:00:00,0.0679866666666667,0.0222,0.00106152929514189,15,0,1
